"Source:","C:\Users\kurina\Documents\GitHub\EDD-LCP_PistonDriver\Electronics\LCP_PowerControl\LCP_PowerControl.kicad_sch"
"Date:","7/22/2024 5:22:51 PM"
"Tool:","Eeschema 7.0.10"
"Generator:","C:\Program Files\KiCad\7.0\bin\scripting\plugins/bom_csv_grouped_by_value.py"
"Component Count:","101"

"Collated Components:"

"Item","Qty","Reference(s)","Value","LibPart","Footprint","Datasheet","DNP","Errata","MPN","Power","Sim.Device","Sim.Pins","Type","UserGuide","VR"
"1","1","C1","1uF","Device:C","Capacitor_SMD:C_0805_2012Metric","~","","","GCM21BC72A105KE36L","","","","","",""
"2","2","C2, C3","0.47uF","Device:C","Capacitor_SMD:C_0805_2012Metric","~","","","885012207102","","","","","",""
"3","1","C4","CP","Device:C_Polarized_US","Capacitor_THT:CP_Radial_D12.5mm_P5.00mm","~","","","ECA-1HM102B","","","","","",""
"4","7","C5, C6, C9, C10, C11, C12, C13","0.1uF","Device:C","Capacitor_SMD:C_0805_2012Metric","~","","","885012207045","","","","X7R","","16V"
"5","1","C7","0.022uF","Device:C","Capacitor_SMD:C_0805_2012Metric","~","","","C2012X7R2E223K125AA","","","","","",""
"6","1","C8","10uF","Device:C_Polarized_Small_US","Capacitor_SMD:CP_Elec_4x4.5","~","","","EEE-HB1C100R","","","","","",""
"7","2","C14, C15","9pF","Device:C_Small","Capacitor_SMD:C_0603_1608Metric","~","","","CBR06C909BAGAC","","","","","",""
"8","1","C16","1000pF","Device:C","Capacitor_SMD:C_0603_1608Metric","~","","","CL10B102KB8NNNC","","","","","",""
"9","4","C17, C18, C23, C25","10uF","Device:C","Capacitor_SMD:C_1210_3225Metric","~","","","CL32B106KMVNNWE","","","","","",""
"10","1","C19","1uF","Device:C","Capacitor_SMD:C_0603_1608Metric","~","","","C1608X5R1H105K080AB","","","","","",""
"11","2","C20, C22","0.22uF","Device:C","Capacitor_SMD:C_0603_1608Metric","~","","","C1608X7R1H224K080AE","","","","","",""
"12","1","C21","0.1uF","Device:C","Capacitor_SMD:C_0603_1608Metric","~","","","GCM188R71H104KA57J","","","","","",""
"13","1","C24","1.0uF","Device:C","Capacitor_SMD:C_0603_1608Metric","~","","","CL10B105KP8NNNC","","","","","",""
"14","2","C26, C27","0.1uF","Device:C","Capacitor_SMD:C_0402_1005Metric","~","","","GRM155R71A104KA01D","","","","","",""
"15","2","C28, C29","10uF","Device:C","Capacitor_SMD:C_1206_3216Metric","~","","","CL31B106KPHVPNE","","","","","",""
"16","1","C30","DNP","Device:C","Capacitor_SMD:C_0603_1608Metric","~","","","","","","","","",""
"17","3","C31, C32, C33","10uF","Device:C","Resistor_SMD:R_0805_2012Metric","~","","","GRM21BR61E106KA73L","","","","","",""
"18","4","D1, D2, D3, D4","5.6V","Device:D_Zener","Diode_SMD:D_SOD-323_HandSoldering","~","","","UDZ5V6B-7","","","","","",""
"19","1","D5","D","Device:D","Diode_SMD:D_SMA","~","","","SK53A-LTP","","D","1=K 2=A","","",""
"20","1","D6","LED_BLUE","Device:LED","LED_SMD:LED_0805_2012Metric","~","","","APT2012LVBC/D","","","","","",""
"21","1","D7","LED_GREEN","Device:LED","LED_SMD:LED_0805_2012Metric","~","","","APT2012SGC","","","","","",""
"22","1","D8","RB060M-60TR","Device:D_Schottky","Diode_SMD:D_SOD-123F","~","","","RB060M-60TR","","","","","",""
"23","2","e1, Q2","ZVN4106FTA","Transistor_FET:2N7002","Package_TO_SOT_SMD:SOT-23","https://www.fairchildsemi.com/datasheets/2N/2N7002.pdf","","","ZVN4106FTA","","","","","",""
"24","1","F1","1A","Device:Polyfuse","Fuse:Fuse_Bourns_MF-RG650","~","","","MF-R090","","","","","",""
"25","1","F3","250mA","Device:Polyfuse","Fuse:Fuse_Bourns_MF-RG650","~","","","MF-R025","","","","","",""
"26","1","J1","Conn_01x06","Connector_Generic:Conn_01x06","Connector_PinSocket_2.54mm:PinSocket_1x06_P2.54mm_Vertical","~","","","61300611121","","","","","",""
"27","1","J2","Conn_01x05","Connector_Generic:Conn_01x02","Connector_Molex:Molex_Micro-Fit_3.0_43045-0212_2x01_P3.00mm_Vertical","~","","","0430450212","","","","","",""
"28","6","J3, J9, J10, J11, J12, J17","Conn_01x02","Connector_Generic:Conn_01x02","Connector_Molex:Molex_Micro-Fit_3.0_43045-0212_2x01_P3.00mm_Vertical","~","","","0430450213","","","","","",""
"29","1","J4","Conn_01x05","Connector_Generic:Conn_02x02_Odd_Even","Connector_Molex:Molex_Micro-Fit_3.0_43045-0412_2x02_P3.00mm_Vertical","~","","","0430450428","","","","","",""
"30","1","J5","Conn_02x05_Odd_Even","Connector_Generic:Conn_02x05_Odd_Even","Connector_PinSocket_1.27mm:PinSocket_2x05_P1.27mm_Vertical","~","","","3220-10-0100-00","","","","","",""
"31","1","J18","Conn_01x04","Connector_Generic:Conn_01x04","Connector_Molex:Molex_Micro-Fit_3.0_43045-0412_2x02_P3.00mm_Vertical","~","","","0430450413","","","","","",""
"32","2","JP1, JP2","SolderJumper_2_Bridged","Jumper:SolderJumper_2_Bridged","Jumper:SolderJumper-2_P1.3mm_Bridged_RoundedPad1.0x1.5mm","~","","","","","","","","",""
"33","2","JP3, JP4","SolderJumper_3_Open","Jumper:SolderJumper_3_Open","Jumper:SolderJumper-3_P1.3mm_Open_RoundedPad1.0x1.5mm_NumberLabels","~","","","","","","","","",""
"34","1","L1","12uH","Device:L","Inductor_SMD:L_Bourns-SRN8040_8x8.15mm","~","","","SDR0805-120ML","","","","","",""
"35","1","L2","10uH","Device:L","Inductor_SMD:L_Coilcraft_XAL1010","http://www.coilcraft.com/pdfs/xal1010.pdf","","","XAL1010-103MEB","","","","","",""
"36","1","Q1","DMG2305UX-7","Transistor_FET:DMG2301L","Package_TO_SOT_SMD:SOT-23","https://www.diodes.com/assets/Datasheets/DMG2305UX.pdf","","","DMG2305UX-7","","","","","",""
"37","2","R1, R2","4.42M","Device:R","Resistor_SMD:R_0805_2012Metric","~","","","CRCW08054M42FKEA","","","","","",""
"38","1","R3","200k","Device:R","Resistor_SMD:R_0805_2012Metric","~","","","CRCW0805200KJNEA","","","","","",""
"39","1","R4","499k","Device:R","Resistor_SMD:R_0805_2012Metric","~","","","RC0805FR-07499KL","","","","","",""
"40","1","R5","0.25","Device:R","Resistor_THT:R_Axial_Power_L48.0mm_W12.5mm_P55.88mm","~","","","RS010R2500FE73","10W","","","","",""
"41","1","R6","1k","Device:R","Resistor_SMD:R_0805_2012Metric","~","","","RNCP0805FTD1K00","","","","","",""
"42","2","R7, R8","150","Device:R","Resistor_SMD:R_0805_2012Metric","~","","","RNCP0805FTD150R","","","","","",""
"43","1","R9","750","Device:R","Resistor_SMD:R_0805_2012Metric","~","","","CRG0805F750R","","","","","",""
"44","2","R10, R22","10k","Device:R","Resistor_SMD:R_0805_2012Metric","~","","","RNCP0805FTD10K0","","","","","",""
"45","1","R11","1.3k","Device:R","Resistor_SMD:R_0805_2012Metric","~","","","RNCP0805FTD1K30","","","","","",""
"46","1","R12","2.0k","Device:R","Resistor_SMD:R_0805_2012Metric","~","","","RNCP0805FTD2K00","","","","","",""
"47","1","R13","47k","Device:R","Resistor_SMD:R_0805_2012Metric","~","","","CRGCQ0805F47K","","","","","",""
"48","1","R14","26.7k","Device:R","Resistor_SMD:R_0402_1005Metric","~","","","RC0402FR-0726K7L","","","","","",""
"49","2","R15, R18","100k","Device:R","Resistor_SMD:R_0402_1005Metric","~","","","RMCF0402FT100K","","","","","",""
"50","1","R16","51k","Device:R","Resistor_SMD:R_0603_1608Metric","~","","","RC0603FR-0751KL","","","","","",""
"51","1","R17","15k","Device:R","Resistor_SMD:R_0402_1005Metric","~","","","RC0402JR-0715KL","","","","","",""
"52","1","R19","9.09k","Device:R","Resistor_SMD:R_0402_1005Metric","~","","","RT0402BRD079K09L","","","","","",""
"53","1","R20","1k","Device:R","Resistor_SMD:R_0402_1005Metric","~","","","PFR05S-102-FNH","","","","","",""
"54","1","R21","470","Device:R","Resistor_SMD:R_0805_2012Metric","~","","","CRGCQ0805F470R","","","","","",""
"55","2","R23, R24","49.9","Device:R","Resistor_SMD:R_0805_2012Metric","~","","","RNCP0805FTD49R9","","","","","",""
"56","1","RN1","R_Pack02","Device:R_Pack02","Resistor_SMD:R_Array_Concave_2x0603","~","","","EXB-V4V472JV","","","","","",""
"57","1","RN4","4.7k","Device:R_Pack02","Resistor_SMD:R_Array_Concave_2x0603","~","","","EXB-V4V472JV","","","","","",""
"58","1","SW1","SW_Push","Switch:SW_Push","Button_Switch_SMD:SW_SPST_TL3305A","~","","","TL3315NF100Q","","","","","",""
"59","5","TP8, TP9, TP11, TP13, TP22","TestPoint","Connector:TestPoint","TestPoint:TestPoint_Keystone_5000-5004_Miniature","~","","","","","","","","",""
"60","1","U1","MAX17205","PMEL_BatteryManagement:MAX17205","Package_DFN_QFN:DFN-14-1EP_3x3mm_P0.4mm_EP1.78x2.35mm","https://datasheets.maximintegrated.com/en/ds/MAX17201-MAX17215.pdf","","","MAX17205G+T","","","","","",""
"61","1","U2","DRV8874","PMEL_MotorDriver:DRV8874","Package_SO:HTSSOP-16-1EP_4.4x5mm_P0.65mm_EP3.4x5mm_Mask3x3mm_ThermalVias","https://www.ti.com/lit/ds/symlink/drv8874.pdf?ts=1591932536319&ref_url=https%253A%252F%252Fwww.ti.com%252Fproduct%252FDRV8874%253FkeyMatch%253DDRV8874%2526tisearch%253DSearch-EN-everything%2526usecase%253DGPN","","","DRV8874PWPR","","","","","",""
"62","1","U3","MSP430FR5989","PMEL_Microcontroller:MSP430FR5989","Package_QFP:LQFP-64_10x10mm_P0.5mm","https://www.ti.com/lit/ds/symlink/msp430fr5989.pdf?ts=1591995725922&ref_url=https%253A%252F%252Fwww.ti.com%252Fproduct%252FMSP430FR5989","","https://www.ti.com/lit/er/slaz523y/slaz523y.pdf?ts=1591999307418&ref_url=https%253A%252F%252Fwww.ti.com%252Fproduct%252FMSP430FR5989","MSP430FR5989IPMR","","","","","https://www.ti.com/lit/ug/slau367p/slau367p.pdf?ts=1591999289180&ref_url=https%253A%252F%252Fwww.ti.com%252Fproduct%252FMSP430FR5989",""
"63","1","U4","BD9G102G-LB","PMEL_PowerICs:LMR50410","Package_TO_SOT_SMD:SOT-23-6_Handsoldering","https://www.ti.com/lit/ds/symlink/lmr50410.pdf?ts=1591402847494&ref_url=https://www.ti.com/product/LMR50410","","","BD9G102G-LB","","","","","",""
"64","1","U5","LM61460","PMEL_PowerICs:LM61460","Converter_DCDC:TI_RJR0014A","https://www.ti.com/lit/ds/symlink/lm61460-q1.pdf?ts=1592411830672&ref_url=https%253A%252F%252Fwww.ti.com%252Fproduct%252FLM61460-Q1","","","LMQ61460AFSQRJRRQ1","","","","","",""
"65","1","Y1","32.768kHz","Device:Crystal","Crystal:Crystal_SMD_3215-2Pin_3.2x1.5mm","~","","","ABS07-32.768KHZ-9-H-T","","","","","",""
